username,password
hi,8f434346648f6b96df89dda901c5176b10a6d83961dd3c1ac88b59b2dc327aa4
dang,d39d350b3835c7dd15040ae50eab49bc92ede7ef9c49230f38ff665147eb038c
dangus,d9aa7f3582549fd0343ec28e862bb52981c4353d357f2e374e1b20a2438f4472
dangus1,5bf6051d0d14d95b25f8fd0052b1418bc7a7845a4d779718f4bfa9a794b9e0de
,e3b0c44298fc1c149afbf4c8996fb92427ae41e4649b934ca495991b7852b855
Dangus,618a97613fe1033a351dc21cfc582a5206d9eee3d30f0c0eeb64f3e1cea14c19
Smith,9f542590100424c92a6ae40860f7017ac5dfbcff3cb49b36eace29b068e0d8e1
Unisa,1894cb1304ecbaf09ee5d71288d900ad3ea565c83889fb1ae827f9cbed8aedb8
Unisa.Online,b20d8bf9c69dd55f26d2b18a953b40c00a17bf91b54b252d519b330effa8fec0
Unisa_Online,2bb8f3c3cb2190acc100e31a8f6df2d1a94ae28b540ffcde4a3b7413e7eaae21
UnisaOnline,5fbd8c5f6ae9b9fbe3a4bf735b1ec4f1c2e1e9be264d7df0d7b45e7f356df500
Dataset,4411e525721e7dd801755882fd2361b2c4fb90a8bd23b456782616601397ef4e
